{"currentSeagrassTotalAcres":346.97940190631476,"seagrassChange":{"gain":352175.9809123633,"loss":580244.7385916165,"noChange":1051820.5755125212}}
